{
   "Vegitables":[
      {
         "Code":"VEG21525",
         "Weight":"1KG",
         "Price":"45/-",
         "Name":"Corn"
      },
      {
         "Code":"VEG62882",
         "Weight":"1KG",
         "Price":"25/-",
         "Name":"Cucumber"
      },
      {
         "Code":"VEG47427",
         "Weight":"1KG",
         "Price":"35/-",
         "Name":"Cabbage"
      },
      {
         "Code":"VEG12274",
         "Weight":"1KG",
         "Price":"30/-",
         "Name":"Brinjal"
      },
      {
         "Code":"VEG32912",
         "Weight":"1KG",
         "Price":"40/-",
         "Name":"Broccoli"
      }
   ]
}